customer_id,customer_name,city,segment,join_date,email
CST0001,Dimas Rahayu,Bandung,New,2023-07-21,customer1@email.com
CST0002,Dimas Wijaya,Bandung,Regular,2022-12-18,customer2@email.com
CST0003,Dimas Saputra,Medan,Wholesale,2022-09-15,customer3@email.com
CST0004,Ahmad Nugroho,Jakarta,Wholesale,2022-10-11,customer4@email.com
CST0005,Budi Kusuma,Jakarta,Regular,2022-09-26,customer5@email.com
CST0006,Hendra Saputra,Bandung,Wholesale,2023-07-29,customer6@email.com
CST0007,Dewi Rahayu,Jakarta,Regular,2023-07-13,customer7@email.com
CST0008,Maya Wulandari,Jakarta,Regular,2023-03-17,customer8@email.com
CST0009,Siti Wijaya,Bandung,VIP,2022-02-10,customer9@email.com
CST0010,Andi Nugroho,Makassar,Regular,2022-04-16,customer10@email.com
CST0011,Lestari Hakim,Makassar,Wholesale,2022-06-08,customer11@email.com
CST0012,Nurul Firmansyah,Medan,Regular,2023-02-27,customer12@email.com
CST0013,Nurul Anggraini,Jakarta,VIP,2023-02-26,customer13@email.com
CST0014,Dimas Pratama,Medan,New,2023-01-27,customer14@email.com
CST0015,Wati Sari,Jakarta,Regular,2023-04-17,customer15@email.com
CST0016,Ayu Permata,Makassar,Regular,2022-08-17,customer16@email.com
CST0017,Andi Purnama,Jakarta,VIP,2022-10-13,customer17@email.com
CST0018,Dimas Kusuma,Surabaya,Wholesale,2023-07-04,customer18@email.com
CST0019,Budi Rahayu,Makassar,VIP,2022-07-02,customer19@email.com
CST0020,Dimas Santoso,Bogor,New,2023-03-21,customer20@email.com
CST0021,Rendi Purnama,Makassar,New,2023-01-30,customer21@email.com
CST0022,Andi Wijaya,Bogor,New,2023-03-23,customer22@email.com
CST0023,Joko Hakim,Jakarta,Regular,2023-01-08,customer23@email.com
CST0024,Ahmad Nugroho,Palembang,VIP,2022-11-18,customer24@email.com
CST0025,Ayu Saputra,Surabaya,VIP,2023-02-23,customer25@email.com
CST0026,Fajar Anggraini,Makassar,VIP,2023-07-22,customer26@email.com
CST0027,Andi Purnama,Bandung,Wholesale,2022-06-28,customer27@email.com
CST0028,Bagus Wijaya,Bogor,Wholesale,2023-07-16,customer28@email.com
CST0029,Ayu Wijaya,Jakarta,Regular,2023-03-17,customer29@email.com
CST0030,Indah Nugroho,Bogor,VIP,2023-04-22,customer30@email.com
CST0031,Hendra Nugroho,Tangerang,Regular,2023-06-08,customer31@email.com
CST0032,Nurul Nugroho,Tangerang,New,2022-10-18,customer32@email.com
CST0033,Indah Kusuma,Depok,New,2022-08-29,customer33@email.com
CST0034,Fitri Firmansyah,Semarang,Regular,2022-05-31,customer34@email.com
CST0035,Siti Sari,Jakarta,Wholesale,2022-03-16,customer35@email.com
CST0036,Rina Hakim,Tangerang,Regular,2023-01-29,customer36@email.com
CST0037,Fajar Sari,Tangerang,Regular,2022-01-06,customer37@email.com
CST0038,Rina Sari,Surabaya,Regular,2023-06-15,customer38@email.com
CST0039,Siti Saputra,Tangerang,Regular,2022-05-05,customer39@email.com
CST0040,Rizky Firmansyah,Tangerang,Wholesale,2023-06-28,customer40@email.com
CST0041,Indah Kusuma,Depok,Wholesale,2023-06-01,customer41@email.com
CST0042,Lestari Hidayat,Palembang,Regular,2023-05-02,customer42@email.com
CST0043,Dimas Firmansyah,Tangerang,Regular,2022-10-11,customer43@email.com
CST0044,Wati Nugroho,Depok,Regular,2022-10-09,customer44@email.com
CST0045,Ahmad Anggraini,Tangerang,VIP,2022-08-29,customer45@email.com
CST0046,Rendi Kusuma,Semarang,New,2022-05-22,customer46@email.com
CST0047,Fitri Purnama,Bandung,Regular,2022-08-08,customer47@email.com
CST0048,Rina Purnama,Surabaya,VIP,2023-07-10,customer48@email.com
CST0049,Rina Santoso,Tangerang,Regular,2023-03-07,customer49@email.com
CST0050,Bagus Anggraini,Palembang,New,2023-08-13,customer50@email.com
CST0051,Wati Santoso,Palembang,VIP,2022-11-02,customer51@email.com
CST0052,Rina Saputra,Palembang,Regular,2023-05-15,customer52@email.com
CST0053,Dimas Purnama,Medan,Wholesale,2022-01-30,customer53@email.com
CST0054,Rendi Nugroho,Palembang,Wholesale,2022-06-19,customer54@email.com
CST0055,Rizky Wulandari,Tangerang,New,2023-02-08,customer55@email.com
CST0056,Bagus Nugroho,Bogor,New,2022-03-27,customer56@email.com
CST0057,Rizky Permata,Palembang,Wholesale,2022-07-06,customer57@email.com
CST0058,Dimas Purnama,Jakarta,VIP,2022-08-05,customer58@email.com
CST0059,Rendi Kusuma,Tangerang,Wholesale,2022-10-12,customer59@email.com
CST0060,Dimas Permata,Palembang,New,2023-04-27,customer60@email.com
CST0061,Lestari Santoso,Jakarta,VIP,2022-08-18,customer61@email.com
CST0062,Siti Firmansyah,Surabaya,New,2022-09-11,customer62@email.com
CST0063,Budi Wulandari,Medan,Regular,2022-09-02,customer63@email.com
CST0064,Wati Nugroho,Bandung,New,2023-08-01,customer64@email.com
CST0065,Hendra Anggraini,Medan,VIP,2023-01-13,customer65@email.com
CST0066,Indah Wulandari,Bandung,New,2022-06-17,customer66@email.com
CST0067,Dewi Wulandari,Semarang,New,2022-11-16,customer67@email.com
CST0068,Fajar Purnama,Bogor,Regular,2022-03-19,customer68@email.com
CST0069,Fitri Rahayu,Bogor,VIP,2022-05-04,customer69@email.com
CST0070,Siti Kusuma,Bogor,Wholesale,2023-01-15,customer70@email.com
CST0071,Joko Nugroho,Surabaya,VIP,2022-01-13,customer71@email.com
CST0072,Wati Rahayu,Palembang,Wholesale,2023-01-06,customer72@email.com
CST0073,Rizky Purnama,Tangerang,Regular,2023-06-19,customer73@email.com
CST0074,Indah Firmansyah,Semarang,Wholesale,2023-04-22,customer74@email.com
CST0075,Bagus Wijaya,Palembang,VIP,2022-09-09,customer75@email.com
CST0076,Dimas Hakim,Surabaya,Wholesale,2022-09-07,customer76@email.com
CST0077,Bagus Wulandari,Tangerang,Wholesale,2022-12-11,customer77@email.com
CST0078,Wati Permata,Jakarta,VIP,2022-07-06,customer78@email.com
CST0079,Andi Kusuma,Tangerang,VIP,2022-12-15,customer79@email.com
CST0080,Indah Anggraini,Semarang,VIP,2023-07-24,customer80@email.com
CST0081,Joko Sari,Jakarta,New,2022-09-05,customer81@email.com
CST0082,Wati Saputra,Palembang,Regular,2023-05-03,customer82@email.com
CST0083,Hendra Firmansyah,Tangerang,New,2022-04-06,customer83@email.com
CST0084,Fitri Purnama,Semarang,Regular,2022-11-10,customer84@email.com
CST0085,Maya Hidayat,Bogor,VIP,2023-03-12,customer85@email.com
CST0086,Rendi Kusuma,Depok,Wholesale,2022-10-05,customer86@email.com
CST0087,Dimas Sari,Semarang,New,2022-07-17,customer87@email.com
CST0088,Dewi Anggraini,Makassar,Regular,2022-07-16,customer88@email.com
CST0089,Wati Wijaya,Medan,VIP,2022-04-13,customer89@email.com
CST0090,Ayu Sari,Medan,VIP,2022-07-03,customer90@email.com
CST0091,Budi Anggraini,Semarang,Regular,2022-10-08,customer91@email.com
CST0092,Siti Saputra,Jakarta,VIP,2022-05-10,customer92@email.com
CST0093,Dewi Permata,Tangerang,New,2023-08-11,customer93@email.com
CST0094,Wati Hidayat,Semarang,Wholesale,2022-12-15,customer94@email.com
CST0095,Siti Wijaya,Bandung,Wholesale,2022-04-27,customer95@email.com
CST0096,Fajar Hidayat,Surabaya,New,2023-08-14,customer96@email.com
CST0097,Rizky Pratama,Jakarta,VIP,2022-03-29,customer97@email.com
CST0098,Dewi Saputra,Medan,Wholesale,2022-08-20,customer98@email.com
CST0099,Fajar Hidayat,Depok,Wholesale,2022-11-01,customer99@email.com
CST0100,Rina Wijaya,Bogor,New,2022-04-12,customer100@email.com
CST0101,Andi Wijaya,Medan,New,2022-06-10,customer101@email.com
CST0102,Nurul Saputra,Medan,New,2022-06-10,customer102@email.com
CST0103,Rina Hidayat,Jakarta,Wholesale,2022-10-26,customer103@email.com
CST0104,Fitri Wijaya,Jakarta,VIP,2023-04-10,customer104@email.com
CST0105,Fitri Hakim,Surabaya,VIP,2022-07-22,customer105@email.com
CST0106,Dewi Saputra,Palembang,Regular,2022-06-02,customer106@email.com
CST0107,Rizky Rahayu,Semarang,New,2022-06-19,customer107@email.com
CST0108,Indah Anggraini,Semarang,VIP,2023-03-26,customer108@email.com
CST0109,Hendra Anggraini,Surabaya,VIP,2023-02-17,customer109@email.com
CST0110,Joko Saputra,Semarang,Wholesale,2023-03-25,customer110@email.com
CST0111,Indah Santoso,Surabaya,Wholesale,2022-11-27,customer111@email.com
CST0112,Dimas Santoso,Bogor,New,2022-08-23,customer112@email.com
CST0113,Bagus Santoso,Bogor,VIP,2023-08-14,customer113@email.com
CST0114,Nurul Hidayat,Jakarta,Wholesale,2022-10-12,customer114@email.com
CST0115,Bagus Purnama,Bandung,Wholesale,2022-04-04,customer115@email.com
CST0116,Maya Purnama,Tangerang,VIP,2022-11-25,customer116@email.com
CST0117,Nurul Kusuma,Surabaya,Wholesale,2023-05-23,customer117@email.com
CST0118,Fajar Permata,Semarang,New,2023-04-11,customer118@email.com
CST0119,Rendi Wijaya,Surabaya,VIP,2022-04-29,customer119@email.com
CST0120,Joko Permata,Palembang,New,2023-07-10,customer120@email.com
CST0121,Rina Santoso,Tangerang,Regular,2023-06-15,customer121@email.com
CST0122,Indah Firmansyah,Makassar,Wholesale,2023-03-29,customer122@email.com
CST0123,Andi Wijaya,Jakarta,Regular,2022-10-22,customer123@email.com
CST0124,Wati Rahayu,Tangerang,New,2022-09-03,customer124@email.com
CST0125,Ayu Saputra,Bandung,New,2023-07-20,customer125@email.com
CST0126,Ahmad Sari,Palembang,New,2023-04-18,customer126@email.com
CST0127,Rizky Hidayat,Surabaya,VIP,2023-06-06,customer127@email.com
CST0128,Rina Permata,Semarang,Wholesale,2023-04-29,customer128@email.com
CST0129,Hendra Saputra,Medan,Regular,2023-01-28,customer129@email.com
CST0130,Indah Saputra,Medan,Regular,2022-03-13,customer130@email.com
CST0131,Rina Kusuma,Semarang,VIP,2022-01-03,customer131@email.com
CST0132,Ayu Permata,Semarang,Wholesale,2022-06-02,customer132@email.com
CST0133,Lestari Hidayat,Tangerang,VIP,2022-12-07,customer133@email.com
CST0134,Lestari Purnama,Depok,Wholesale,2022-11-26,customer134@email.com
CST0135,Fitri Wulandari,Medan,Wholesale,2022-08-28,customer135@email.com
CST0136,Siti Kusuma,Palembang,Wholesale,2023-01-26,customer136@email.com
CST0137,Rizky Hidayat,Palembang,New,2022-05-10,customer137@email.com
CST0138,Bagus Kusuma,Depok,New,2023-03-27,customer138@email.com
CST0139,Joko Hakim,Surabaya,Wholesale,2022-01-16,customer139@email.com
CST0140,Rina Permata,Bandung,Regular,2022-03-18,customer140@email.com
CST0141,Dimas Kusuma,Tangerang,Wholesale,2022-03-24,customer141@email.com
CST0142,Lestari Purnama,Makassar,VIP,2023-05-15,customer142@email.com
CST0143,Siti Wulandari,Depok,New,2022-08-29,customer143@email.com
CST0144,Fitri Anggraini,Semarang,New,2023-03-21,customer144@email.com
CST0145,Dewi Hidayat,Surabaya,Regular,2022-11-03,customer145@email.com
CST0146,Siti Kusuma,Jakarta,New,2022-10-28,customer146@email.com
CST0147,Maya Purnama,Makassar,Regular,2022-09-08,customer147@email.com
CST0148,Rina Wulandari,Depok,Regular,2022-06-24,customer148@email.com
CST0149,Ahmad Wulandari,Bandung,Wholesale,2022-09-04,customer149@email.com
CST0150,Bagus Pratama,Tangerang,Regular,2023-04-18,customer150@email.com
CST0151,Hendra Wijaya,Semarang,New,2023-04-22,customer151@email.com
CST0152,Lestari Pratama,Semarang,New,2023-03-29,customer152@email.com
CST0153,Bagus Wijaya,Makassar,Wholesale,2022-09-14,customer153@email.com
CST0154,Ayu Sari,Tangerang,Wholesale,2023-05-10,customer154@email.com
CST0155,Fitri Purnama,Surabaya,VIP,2023-08-12,customer155@email.com
CST0156,Ayu Santoso,Semarang,Wholesale,2022-10-09,customer156@email.com
CST0157,Bagus Permata,Jakarta,New,2023-05-24,customer157@email.com
CST0158,Fitri Wulandari,Semarang,VIP,2022-08-13,customer158@email.com
CST0159,Indah Wijaya,Medan,Regular,2022-04-10,customer159@email.com
CST0160,Ayu Firmansyah,Jakarta,Wholesale,2022-02-04,customer160@email.com
CST0161,Maya Anggraini,Bogor,Regular,2022-04-03,customer161@email.com
CST0162,Rendi Anggraini,Semarang,Wholesale,2022-06-29,customer162@email.com
CST0163,Rizky Firmansyah,Medan,VIP,2023-06-28,customer163@email.com
CST0164,Dimas Permata,Depok,Regular,2022-09-21,customer164@email.com
CST0165,Ayu Anggraini,Tangerang,VIP,2022-04-28,customer165@email.com
CST0166,Ahmad Pratama,Tangerang,Regular,2023-02-11,customer166@email.com
CST0167,Maya Rahayu,Depok,Wholesale,2022-01-15,customer167@email.com
CST0168,Lestari Rahayu,Semarang,Wholesale,2023-01-13,customer168@email.com
CST0169,Bagus Purnama,Semarang,VIP,2022-04-21,customer169@email.com
CST0170,Wati Santoso,Medan,VIP,2022-08-15,customer170@email.com
CST0171,Hendra Hakim,Surabaya,VIP,2023-02-23,customer171@email.com
CST0172,Rizky Santoso,Surabaya,New,2022-11-08,customer172@email.com
CST0173,Dewi Rahayu,Tangerang,Regular,2023-07-05,customer173@email.com
CST0174,Fajar Hidayat,Bandung,VIP,2023-07-08,customer174@email.com
CST0175,Bagus Anggraini,Palembang,Regular,2023-03-01,customer175@email.com
CST0176,Wati Wulandari,Surabaya,Wholesale,2022-10-14,customer176@email.com
CST0177,Maya Sari,Jakarta,Wholesale,2023-04-01,customer177@email.com
CST0178,Maya Rahayu,Medan,VIP,2023-07-12,customer178@email.com
CST0179,Siti Purnama,Makassar,VIP,2022-07-14,customer179@email.com
CST0180,Hendra Rahayu,Surabaya,Regular,2022-01-22,customer180@email.com
CST0181,Rendi Sari,Jakarta,Regular,2023-08-02,customer181@email.com
CST0182,Ahmad Permata,Medan,Regular,2023-08-24,customer182@email.com
CST0183,Fitri Kusuma,Medan,Regular,2022-01-03,customer183@email.com
CST0184,Rizky Pratama,Semarang,VIP,2022-06-28,customer184@email.com
CST0185,Budi Pratama,Surabaya,New,2023-01-02,customer185@email.com
CST0186,Bagus Kusuma,Medan,New,2022-06-28,customer186@email.com
CST0187,Siti Pratama,Semarang,Wholesale,2023-06-23,customer187@email.com
CST0188,Ahmad Hidayat,Surabaya,Wholesale,2023-01-06,customer188@email.com
CST0189,Bagus Rahayu,Depok,Wholesale,2023-05-31,customer189@email.com
CST0190,Indah Santoso,Medan,VIP,2023-04-15,customer190@email.com
CST0191,Siti Hidayat,Jakarta,Wholesale,2023-03-13,customer191@email.com
CST0192,Wati Anggraini,Surabaya,Wholesale,2022-03-17,customer192@email.com
CST0193,Rendi Wulandari,Surabaya,Regular,2022-03-09,customer193@email.com
CST0194,Dimas Wulandari,Bandung,VIP,2023-01-26,customer194@email.com
CST0195,Joko Wijaya,Bogor,Wholesale,2023-06-02,customer195@email.com
CST0196,Rina Rahayu,Bogor,New,2023-07-19,customer196@email.com
CST0197,Rina Hidayat,Medan,Regular,2023-02-28,customer197@email.com
CST0198,Hendra Purnama,Makassar,Wholesale,2022-04-08,customer198@email.com
CST0199,Rina Kusuma,Makassar,VIP,2023-01-19,customer199@email.com
CST0200,Wati Rahayu,Bandung,New,2022-03-29,customer200@email.com
CST0201,Rina Rahayu,Surabaya,VIP,2022-05-14,customer201@email.com
CST0202,Siti Wulandari,Depok,VIP,2022-05-06,customer202@email.com
CST0203,Maya Permata,Palembang,Wholesale,2022-02-22,customer203@email.com
CST0204,Indah Wijaya,Semarang,VIP,2022-04-17,customer204@email.com
CST0205,Joko Sari,Bogor,Regular,2023-05-09,customer205@email.com
CST0206,Dewi Kusuma,Medan,VIP,2022-04-28,customer206@email.com
CST0207,Bagus Sari,Semarang,Wholesale,2023-07-29,customer207@email.com
CST0208,Indah Nugroho,Bogor,New,2022-10-01,customer208@email.com
CST0209,Nurul Wijaya,Jakarta,VIP,2022-12-14,customer209@email.com
CST0210,Budi Pratama,Makassar,Regular,2023-08-03,customer210@email.com
CST0211,Ahmad Pratama,Palembang,New,2022-04-04,customer211@email.com
CST0212,Andi Purnama,Depok,Wholesale,2023-04-10,customer212@email.com
CST0213,Nurul Kusuma,Makassar,VIP,2022-11-29,customer213@email.com
CST0214,Indah Rahayu,Bogor,New,2022-06-09,customer214@email.com
CST0215,Indah Santoso,Bandung,New,2022-10-06,customer215@email.com
CST0216,Rina Hidayat,Tangerang,Wholesale,2023-03-01,customer216@email.com
CST0217,Andi Firmansyah,Semarang,New,2022-12-20,customer217@email.com
CST0218,Dewi Wijaya,Palembang,Wholesale,2023-06-24,customer218@email.com
CST0219,Siti Sari,Semarang,Wholesale,2022-02-26,customer219@email.com
CST0220,Andi Wijaya,Jakarta,Regular,2022-05-21,customer220@email.com
CST0221,Ayu Kusuma,Semarang,New,2022-01-08,customer221@email.com
CST0222,Rina Pratama,Tangerang,Regular,2023-01-25,customer222@email.com
CST0223,Fitri Saputra,Depok,VIP,2022-03-15,customer223@email.com
CST0224,Siti Purnama,Palembang,New,2023-04-16,customer224@email.com
CST0225,Rendi Wulandari,Surabaya,Wholesale,2023-08-11,customer225@email.com
CST0226,Rina Wijaya,Palembang,New,2023-02-19,customer226@email.com
CST0227,Rendi Pratama,Jakarta,Wholesale,2023-01-06,customer227@email.com
CST0228,Rina Permata,Surabaya,New,2022-09-07,customer228@email.com
CST0229,Bagus Purnama,Palembang,New,2023-02-10,customer229@email.com
CST0230,Rendi Sari,Semarang,VIP,2022-06-22,customer230@email.com
CST0231,Joko Nugroho,Surabaya,New,2023-06-28,customer231@email.com
CST0232,Andi Hakim,Depok,VIP,2022-12-26,customer232@email.com
CST0233,Fitri Rahayu,Bandung,Regular,2022-09-20,customer233@email.com
CST0234,Nurul Wulandari,Medan,Regular,2022-03-19,customer234@email.com
CST0235,Wati Hidayat,Bandung,Wholesale,2023-08-02,customer235@email.com
CST0236,Rendi Permata,Bogor,VIP,2022-06-04,customer236@email.com
CST0237,Ahmad Hidayat,Tangerang,Wholesale,2022-11-07,customer237@email.com
CST0238,Bagus Santoso,Semarang,VIP,2023-06-04,customer238@email.com
CST0239,Ayu Hidayat,Surabaya,Wholesale,2022-02-08,customer239@email.com
CST0240,Maya Permata,Jakarta,VIP,2022-03-20,customer240@email.com
CST0241,Indah Wulandari,Surabaya,Wholesale,2023-04-19,customer241@email.com
CST0242,Lestari Firmansyah,Bogor,New,2023-04-06,customer242@email.com
CST0243,Andi Kusuma,Bogor,Wholesale,2023-05-29,customer243@email.com
CST0244,Siti Hidayat,Bandung,New,2022-12-18,customer244@email.com
CST0245,Joko Nugroho,Surabaya,Regular,2022-02-10,customer245@email.com
CST0246,Hendra Hidayat,Medan,Regular,2023-01-08,customer246@email.com
CST0247,Ayu Purnama,Makassar,Wholesale,2022-12-13,customer247@email.com
CST0248,Siti Firmansyah,Bogor,VIP,2022-03-09,customer248@email.com
CST0249,Dewi Saputra,Makassar,Wholesale,2022-10-18,customer249@email.com
CST0250,Indah Permata,Semarang,Regular,2022-12-08,customer250@email.com
CST0251,Bagus Nugroho,Surabaya,Regular,2022-12-25,customer251@email.com
CST0252,Fajar Pratama,Semarang,New,2022-11-14,customer252@email.com
CST0253,Fajar Nugroho,Depok,VIP,2022-05-11,customer253@email.com
CST0254,Ahmad Nugroho,Depok,Wholesale,2023-06-05,customer254@email.com
CST0255,Budi Kusuma,Makassar,VIP,2022-07-04,customer255@email.com
CST0256,Rendi Firmansyah,Medan,Wholesale,2022-07-16,customer256@email.com
CST0257,Rizky Pratama,Medan,New,2022-10-30,customer257@email.com
CST0258,Joko Firmansyah,Surabaya,New,2022-12-11,customer258@email.com
CST0259,Rizky Wulandari,Bogor,Wholesale,2022-06-07,customer259@email.com
CST0260,Nurul Permata,Bandung,Regular,2023-03-25,customer260@email.com
CST0261,Rina Kusuma,Jakarta,Regular,2023-03-31,customer261@email.com
CST0262,Ayu Firmansyah,Bogor,Wholesale,2022-08-28,customer262@email.com
CST0263,Fitri Wijaya,Depok,Wholesale,2022-07-18,customer263@email.com
CST0264,Bagus Hidayat,Makassar,Wholesale,2022-10-16,customer264@email.com
CST0265,Joko Saputra,Palembang,Wholesale,2022-06-15,customer265@email.com
CST0266,Indah Pratama,Medan,VIP,2022-02-23,customer266@email.com
CST0267,Maya Saputra,Tangerang,New,2023-06-13,customer267@email.com
CST0268,Ayu Rahayu,Surabaya,Regular,2022-10-07,customer268@email.com
CST0269,Joko Pratama,Tangerang,Wholesale,2022-04-04,customer269@email.com
CST0270,Hendra Hakim,Medan,VIP,2022-01-28,customer270@email.com
CST0271,Siti Purnama,Palembang,VIP,2022-08-30,customer271@email.com
CST0272,Ahmad Kusuma,Palembang,Regular,2022-01-29,customer272@email.com
CST0273,Dewi Permata,Makassar,VIP,2022-05-30,customer273@email.com
CST0274,Siti Wijaya,Bandung,Wholesale,2022-05-23,customer274@email.com
CST0275,Hendra Wulandari,Tangerang,New,2022-03-23,customer275@email.com
CST0276,Dimas Sari,Jakarta,Regular,2023-07-16,customer276@email.com
CST0277,Joko Purnama,Bogor,New,2022-10-23,customer277@email.com
CST0278,Ayu Rahayu,Medan,New,2022-09-02,customer278@email.com
CST0279,Indah Hidayat,Palembang,New,2022-04-24,customer279@email.com
CST0280,Indah Saputra,Tangerang,New,2023-06-12,customer280@email.com
CST0281,Fitri Anggraini,Bogor,Regular,2022-10-26,customer281@email.com
CST0282,Budi Wulandari,Palembang,VIP,2022-09-04,customer282@email.com
CST0283,Rina Pratama,Bogor,New,2023-06-21,customer283@email.com
CST0284,Ahmad Saputra,Makassar,New,2023-02-04,customer284@email.com
CST0285,Siti Nugroho,Tangerang,Wholesale,2023-01-18,customer285@email.com
CST0286,Budi Kusuma,Semarang,New,2022-12-20,customer286@email.com
CST0287,Dewi Firmansyah,Medan,VIP,2022-05-17,customer287@email.com
CST0288,Maya Saputra,Jakarta,VIP,2022-06-29,customer288@email.com
CST0289,Wati Nugroho,Tangerang,Regular,2022-05-19,customer289@email.com
CST0290,Hendra Santoso,Surabaya,VIP,2022-07-26,customer290@email.com
CST0291,Andi Hakim,Jakarta,New,2022-11-20,customer291@email.com
CST0292,Joko Purnama,Semarang,Wholesale,2022-09-17,customer292@email.com
CST0293,Andi Wijaya,Jakarta,VIP,2022-02-18,customer293@email.com
CST0294,Dimas Rahayu,Makassar,VIP,2023-03-24,customer294@email.com
CST0295,Hendra Hakim,Palembang,Wholesale,2022-12-14,customer295@email.com
CST0296,Wati Anggraini,Bandung,Wholesale,2023-01-12,customer296@email.com
CST0297,Dimas Firmansyah,Depok,New,2023-03-11,customer297@email.com
CST0298,Rina Wulandari,Surabaya,Regular,2023-07-13,customer298@email.com
CST0299,Rendi Rahayu,Semarang,New,2022-12-02,customer299@email.com
CST0300,Ayu Hidayat,Semarang,Wholesale,2022-06-20,customer300@email.com
CST0301,Maya Hidayat,Tangerang,New,2022-12-28,customer301@email.com
CST0302,Rina Wijaya,Bogor,New,2022-03-18,customer302@email.com
CST0303,Maya Saputra,Palembang,Regular,2022-02-01,customer303@email.com
CST0304,Indah Nugroho,Bandung,Wholesale,2022-02-05,customer304@email.com
CST0305,Ahmad Sari,Bandung,VIP,2023-01-06,customer305@email.com
CST0306,Bagus Santoso,Palembang,Regular,2023-04-06,customer306@email.com
CST0307,Maya Hidayat,Makassar,New,2023-08-11,customer307@email.com
CST0308,Joko Kusuma,Bandung,Wholesale,2022-11-18,customer308@email.com
CST0309,Fitri Rahayu,Semarang,New,2022-07-10,customer309@email.com
CST0310,Joko Purnama,Tangerang,New,2022-09-26,customer310@email.com
CST0311,Hendra Sari,Semarang,VIP,2023-05-18,customer311@email.com
CST0312,Dewi Pratama,Medan,New,2023-04-08,customer312@email.com
CST0313,Hendra Rahayu,Bandung,VIP,2022-12-22,customer313@email.com
CST0314,Lestari Saputra,Surabaya,VIP,2022-11-04,customer314@email.com
CST0315,Nurul Firmansyah,Bandung,VIP,2023-06-05,customer315@email.com
CST0316,Dewi Sari,Medan,Regular,2022-08-31,customer316@email.com
CST0317,Budi Kusuma,Tangerang,VIP,2023-04-24,customer317@email.com
CST0318,Rizky Wulandari,Depok,New,2022-03-09,customer318@email.com
CST0319,Fajar Anggraini,Semarang,Wholesale,2023-06-23,customer319@email.com
CST0320,Rina Permata,Palembang,New,2022-05-09,customer320@email.com
CST0321,Ahmad Hidayat,Makassar,Wholesale,2023-06-14,customer321@email.com
CST0322,Rizky Hakim,Makassar,Regular,2022-05-13,customer322@email.com
CST0323,Joko Hakim,Palembang,New,2022-05-08,customer323@email.com
CST0324,Rizky Wijaya,Depok,Regular,2022-06-15,customer324@email.com
CST0325,Fitri Kusuma,Makassar,VIP,2022-03-22,customer325@email.com
CST0326,Andi Nugroho,Semarang,VIP,2022-05-09,customer326@email.com
CST0327,Indah Saputra,Semarang,New,2023-05-30,customer327@email.com
CST0328,Bagus Wulandari,Bandung,Regular,2022-06-25,customer328@email.com
CST0329,Indah Kusuma,Bogor,New,2022-01-30,customer329@email.com
CST0330,Siti Nugroho,Surabaya,VIP,2022-08-04,customer330@email.com
CST0331,Rina Wulandari,Bogor,New,2023-05-25,customer331@email.com
CST0332,Ayu Nugroho,Depok,VIP,2023-05-10,customer332@email.com
CST0333,Fajar Wijaya,Medan,Wholesale,2022-03-16,customer333@email.com
CST0334,Nurul Hidayat,Jakarta,Wholesale,2023-05-11,customer334@email.com
CST0335,Andi Kusuma,Tangerang,Regular,2022-11-17,customer335@email.com
CST0336,Maya Purnama,Makassar,Regular,2023-01-15,customer336@email.com
CST0337,Lestari Rahayu,Depok,VIP,2022-09-05,customer337@email.com
CST0338,Dewi Wijaya,Tangerang,Wholesale,2022-09-11,customer338@email.com
CST0339,Dewi Santoso,Bandung,VIP,2023-01-29,customer339@email.com
CST0340,Rina Sari,Bogor,Regular,2022-12-02,customer340@email.com
CST0341,Rendi Sari,Bogor,Regular,2023-05-26,customer341@email.com
CST0342,Hendra Hidayat,Depok,VIP,2023-05-25,customer342@email.com
CST0343,Ahmad Purnama,Jakarta,Wholesale,2022-09-04,customer343@email.com
CST0344,Bagus Kusuma,Medan,New,2022-02-21,customer344@email.com
CST0345,Wati Wulandari,Semarang,Wholesale,2022-10-20,customer345@email.com
CST0346,Budi Permata,Depok,New,2023-03-18,customer346@email.com
CST0347,Dimas Anggraini,Bandung,VIP,2023-02-17,customer347@email.com
CST0348,Siti Purnama,Makassar,New,2023-08-07,customer348@email.com
CST0349,Andi Kusuma,Depok,VIP,2022-03-17,customer349@email.com
CST0350,Joko Hidayat,Palembang,VIP,2022-05-02,customer350@email.com
CST0351,Dewi Purnama,Bandung,VIP,2022-12-14,customer351@email.com
CST0352,Maya Firmansyah,Depok,Regular,2022-07-23,customer352@email.com
CST0353,Joko Purnama,Bogor,New,2022-02-16,customer353@email.com
CST0354,Rizky Anggraini,Jakarta,VIP,2023-05-01,customer354@email.com
CST0355,Hendra Pratama,Depok,Regular,2022-12-02,customer355@email.com
CST0356,Rendi Pratama,Bogor,Wholesale,2022-11-03,customer356@email.com
CST0357,Rendi Saputra,Bogor,Wholesale,2023-07-31,customer357@email.com
CST0358,Wati Permata,Semarang,New,2023-01-13,customer358@email.com
CST0359,Dewi Purnama,Makassar,VIP,2022-01-28,customer359@email.com
CST0360,Wati Wijaya,Bogor,Regular,2022-02-22,customer360@email.com
CST0361,Wati Pratama,Bogor,Wholesale,2022-06-01,customer361@email.com
CST0362,Siti Wulandari,Medan,New,2022-07-15,customer362@email.com
CST0363,Hendra Kusuma,Jakarta,Wholesale,2022-06-05,customer363@email.com
CST0364,Andi Purnama,Palembang,Wholesale,2022-03-05,customer364@email.com
CST0365,Joko Sari,Bandung,VIP,2023-05-05,customer365@email.com
CST0366,Fajar Kusuma,Depok,Regular,2023-04-16,customer366@email.com
CST0367,Rendi Saputra,Depok,VIP,2022-09-28,customer367@email.com
CST0368,Wati Sari,Bogor,Regular,2022-10-13,customer368@email.com
CST0369,Ayu Sari,Depok,VIP,2022-10-23,customer369@email.com
CST0370,Wati Kusuma,Medan,Wholesale,2022-12-24,customer370@email.com
CST0371,Dimas Wijaya,Depok,New,2023-08-11,customer371@email.com
CST0372,Fajar Hakim,Depok,Wholesale,2022-12-20,customer372@email.com
CST0373,Ayu Santoso,Bandung,VIP,2022-03-22,customer373@email.com
CST0374,Hendra Nugroho,Makassar,VIP,2023-05-06,customer374@email.com
CST0375,Andi Permata,Medan,VIP,2023-07-30,customer375@email.com
CST0376,Rizky Rahayu,Semarang,Regular,2022-09-06,customer376@email.com
CST0377,Joko Sari,Jakarta,Regular,2022-02-23,customer377@email.com
CST0378,Rina Kusuma,Surabaya,Wholesale,2022-04-13,customer378@email.com
CST0379,Budi Saputra,Bandung,Regular,2023-02-21,customer379@email.com
CST0380,Wati Nugroho,Tangerang,Regular,2022-10-22,customer380@email.com
CST0381,Ayu Nugroho,Makassar,New,2022-04-02,customer381@email.com
CST0382,Fitri Saputra,Bogor,New,2022-06-29,customer382@email.com
CST0383,Nurul Hakim,Palembang,New,2023-02-11,customer383@email.com
CST0384,Nurul Hakim,Tangerang,VIP,2022-02-08,customer384@email.com
CST0385,Ayu Wulandari,Jakarta,New,2022-12-10,customer385@email.com
CST0386,Hendra Nugroho,Semarang,Wholesale,2022-05-18,customer386@email.com
CST0387,Hendra Wijaya,Depok,Regular,2022-04-26,customer387@email.com
CST0388,Nurul Anggraini,Makassar,Wholesale,2022-09-21,customer388@email.com
CST0389,Budi Anggraini,Bandung,VIP,2022-10-30,customer389@email.com
CST0390,Andi Pratama,Bogor,Wholesale,2023-03-14,customer390@email.com
CST0391,Rendi Rahayu,Depok,Wholesale,2022-04-08,customer391@email.com
CST0392,Rizky Hidayat,Bandung,VIP,2022-09-12,customer392@email.com
CST0393,Dimas Purnama,Jakarta,Regular,2023-04-03,customer393@email.com
CST0394,Rendi Wijaya,Semarang,New,2022-09-25,customer394@email.com
CST0395,Fitri Santoso,Makassar,New,2023-04-22,customer395@email.com
CST0396,Nurul Purnama,Semarang,VIP,2022-05-01,customer396@email.com
CST0397,Maya Wulandari,Semarang,Regular,2022-08-13,customer397@email.com
CST0398,Wati Pratama,Bandung,Wholesale,2023-01-18,customer398@email.com
CST0399,Lestari Hakim,Palembang,Wholesale,2023-07-05,customer399@email.com
CST0400,Fitri Nugroho,Medan,New,2023-06-23,customer400@email.com
CST0401,Joko Anggraini,Tangerang,VIP,2022-03-21,customer401@email.com
CST0402,Dewi Santoso,Bogor,Regular,2023-08-10,customer402@email.com
CST0403,Rizky Pratama,Depok,VIP,2023-06-17,customer403@email.com
CST0404,Dewi Nugroho,Tangerang,Regular,2023-08-21,customer404@email.com
CST0405,Ahmad Hakim,Tangerang,Wholesale,2022-02-26,customer405@email.com
CST0406,Rizky Saputra,Tangerang,Wholesale,2023-04-13,customer406@email.com
CST0407,Siti Saputra,Bogor,Wholesale,2022-11-12,customer407@email.com
CST0408,Fajar Wijaya,Jakarta,New,2022-08-12,customer408@email.com
CST0409,Ahmad Santoso,Bogor,Wholesale,2022-12-19,customer409@email.com
CST0410,Lestari Santoso,Surabaya,New,2023-04-29,customer410@email.com
CST0411,Ayu Purnama,Jakarta,Regular,2022-05-19,customer411@email.com
CST0412,Maya Hakim,Palembang,Wholesale,2023-04-05,customer412@email.com
CST0413,Fajar Rahayu,Palembang,Regular,2022-12-23,customer413@email.com
CST0414,Nurul Saputra,Surabaya,Wholesale,2023-06-26,customer414@email.com
CST0415,Fitri Permata,Bandung,New,2022-01-24,customer415@email.com
CST0416,Hendra Nugroho,Semarang,Wholesale,2023-06-29,customer416@email.com
CST0417,Fitri Sari,Palembang,Wholesale,2022-12-21,customer417@email.com
CST0418,Dimas Sari,Bandung,New,2022-02-02,customer418@email.com
CST0419,Indah Firmansyah,Palembang,New,2022-09-04,customer419@email.com
CST0420,Ahmad Rahayu,Medan,New,2023-04-03,customer420@email.com
CST0421,Siti Sari,Bogor,New,2023-02-16,customer421@email.com
CST0422,Fitri Saputra,Tangerang,Regular,2022-02-27,customer422@email.com
CST0423,Joko Wijaya,Bandung,Regular,2023-08-13,customer423@email.com
CST0424,Bagus Wulandari,Makassar,VIP,2022-08-31,customer424@email.com
CST0425,Rizky Nugroho,Semarang,Regular,2023-02-28,customer425@email.com
CST0426,Dimas Santoso,Semarang,Regular,2023-03-14,customer426@email.com
CST0427,Wati Santoso,Depok,VIP,2023-01-26,customer427@email.com
CST0428,Rendi Anggraini,Depok,Wholesale,2023-02-23,customer428@email.com
CST0429,Ayu Purnama,Bandung,Regular,2023-07-05,customer429@email.com
CST0430,Fitri Permata,Tangerang,Regular,2022-11-04,customer430@email.com
CST0431,Hendra Hakim,Bandung,New,2023-07-30,customer431@email.com
CST0432,Rina Saputra,Palembang,Regular,2023-02-02,customer432@email.com
CST0433,Dimas Sari,Medan,VIP,2022-03-22,customer433@email.com
CST0434,Maya Rahayu,Tangerang,Regular,2022-02-22,customer434@email.com
CST0435,Fajar Nugroho,Semarang,New,2022-03-16,customer435@email.com
CST0436,Bagus Anggraini,Medan,Regular,2023-05-06,customer436@email.com
CST0437,Rendi Wijaya,Medan,New,2022-08-05,customer437@email.com
CST0438,Dewi Anggraini,Medan,Wholesale,2022-09-06,customer438@email.com
CST0439,Andi Purnama,Bogor,Regular,2023-07-20,customer439@email.com
CST0440,Ayu Purnama,Makassar,Wholesale,2023-07-01,customer440@email.com
CST0441,Ayu Wijaya,Makassar,VIP,2023-06-10,customer441@email.com
CST0442,Hendra Rahayu,Tangerang,Wholesale,2022-11-24,customer442@email.com
CST0443,Maya Kusuma,Medan,Wholesale,2022-02-16,customer443@email.com
CST0444,Fitri Anggraini,Bogor,Regular,2022-01-17,customer444@email.com
CST0445,Lestari Hakim,Semarang,Wholesale,2022-10-30,customer445@email.com
CST0446,Andi Kusuma,Bandung,Regular,2023-01-24,customer446@email.com
CST0447,Fitri Hidayat,Bogor,VIP,2022-09-21,customer447@email.com
CST0448,Wati Hidayat,Tangerang,Regular,2022-12-27,customer448@email.com
CST0449,Rizky Anggraini,Bandung,Wholesale,2022-07-08,customer449@email.com
CST0450,Siti Saputra,Depok,New,2022-03-18,customer450@email.com
CST0451,Budi Purnama,Jakarta,Regular,2022-08-25,customer451@email.com
CST0452,Rizky Santoso,Surabaya,Regular,2023-06-02,customer452@email.com
CST0453,Maya Santoso,Tangerang,Wholesale,2023-05-15,customer453@email.com
CST0454,Budi Saputra,Jakarta,Wholesale,2022-01-13,customer454@email.com
CST0455,Joko Anggraini,Jakarta,VIP,2023-07-03,customer455@email.com
CST0456,Budi Saputra,Semarang,Wholesale,2022-07-03,customer456@email.com
CST0457,Dewi Saputra,Surabaya,Regular,2022-09-04,customer457@email.com
CST0458,Indah Saputra,Medan,VIP,2022-12-29,customer458@email.com
CST0459,Fajar Rahayu,Semarang,VIP,2023-02-20,customer459@email.com
CST0460,Bagus Sari,Tangerang,Regular,2022-11-04,customer460@email.com
CST0461,Siti Rahayu,Surabaya,Wholesale,2023-01-24,customer461@email.com
CST0462,Lestari Hidayat,Palembang,New,2022-01-10,customer462@email.com
CST0463,Ahmad Hidayat,Bandung,Wholesale,2022-12-06,customer463@email.com
CST0464,Dewi Hakim,Bogor,New,2022-08-24,customer464@email.com
CST0465,Bagus Hidayat,Medan,VIP,2022-02-17,customer465@email.com
CST0466,Dimas Hakim,Surabaya,New,2022-07-03,customer466@email.com
CST0467,Budi Sari,Makassar,Regular,2023-02-12,customer467@email.com
CST0468,Ayu Pratama,Surabaya,Regular,2023-08-04,customer468@email.com
CST0469,Lestari Kusuma,Palembang,Wholesale,2022-05-24,customer469@email.com
CST0470,Joko Anggraini,Surabaya,VIP,2022-02-24,customer470@email.com
CST0471,Rina Sari,Surabaya,New,2022-12-15,customer471@email.com
CST0472,Indah Wulandari,Bogor,Wholesale,2022-12-01,customer472@email.com
CST0473,Dimas Firmansyah,Jakarta,Wholesale,2023-05-18,customer473@email.com
CST0474,Maya Saputra,Medan,Wholesale,2023-03-19,customer474@email.com
CST0475,Bagus Nugroho,Bandung,Wholesale,2022-03-29,customer475@email.com
CST0476,Ayu Firmansyah,Bogor,Regular,2022-03-17,customer476@email.com
CST0477,Dimas Pratama,Surabaya,Wholesale,2022-06-07,customer477@email.com
CST0478,Rendi Kusuma,Palembang,New,2022-04-04,customer478@email.com
CST0479,Ayu Hidayat,Jakarta,VIP,2022-10-04,customer479@email.com
CST0480,Rizky Rahayu,Surabaya,Regular,2023-03-18,customer480@email.com
CST0481,Lestari Saputra,Tangerang,Wholesale,2022-04-16,customer481@email.com
CST0482,Ahmad Kusuma,Jakarta,New,2022-11-29,customer482@email.com
CST0483,Budi Wijaya,Palembang,Wholesale,2023-02-02,customer483@email.com
CST0484,Lestari Hakim,Surabaya,Regular,2023-08-09,customer484@email.com
CST0485,Nurul Nugroho,Depok,Wholesale,2022-06-23,customer485@email.com
CST0486,Dimas Wijaya,Bandung,VIP,2023-05-20,customer486@email.com
CST0487,Ahmad Pratama,Bandung,Wholesale,2022-10-10,customer487@email.com
CST0488,Ayu Hidayat,Palembang,New,2023-01-05,customer488@email.com
CST0489,Fitri Anggraini,Semarang,Wholesale,2022-07-20,customer489@email.com
CST0490,Dewi Pratama,Tangerang,VIP,2022-01-07,customer490@email.com
CST0491,Rendi Permata,Palembang,Wholesale,2022-12-04,customer491@email.com
CST0492,Rendi Purnama,Tangerang,Regular,2022-11-04,customer492@email.com
CST0493,Indah Anggraini,Makassar,Regular,2023-05-06,customer493@email.com
CST0494,Nurul Purnama,Makassar,VIP,2022-10-26,customer494@email.com
CST0495,Bagus Firmansyah,Tangerang,Regular,2022-11-30,customer495@email.com
CST0496,Dimas Permata,Palembang,Wholesale,2023-01-09,customer496@email.com
CST0497,Bagus Sari,Surabaya,Regular,2023-07-18,customer497@email.com
CST0498,Hendra Anggraini,Jakarta,Regular,2023-03-25,customer498@email.com
CST0499,Ahmad Permata,Semarang,Wholesale,2023-05-27,customer499@email.com
CST0500,Ayu Sari,Bandung,VIP,2022-06-07,customer500@email.com
CST0501,Fajar Rahayu,Palembang,Wholesale,2023-05-06,customer501@email.com
CST0502,Fajar Saputra,Bogor,Wholesale,2023-07-11,customer502@email.com
CST0503,Maya Anggraini,Jakarta,New,2022-04-22,customer503@email.com
CST0504,Maya Pratama,Medan,New,2023-07-31,customer504@email.com
CST0505,Rendi Firmansyah,Palembang,Wholesale,2022-04-19,customer505@email.com
CST0506,Dewi Wijaya,Jakarta,Regular,2023-06-07,customer506@email.com
CST0507,Lestari Wulandari,Depok,Regular,2023-04-02,customer507@email.com
CST0508,Fajar Hidayat,Makassar,Regular,2022-12-20,customer508@email.com
CST0509,Wati Rahayu,Jakarta,VIP,2023-03-02,customer509@email.com
CST0510,Dewi Permata,Surabaya,Regular,2022-12-23,customer510@email.com
CST0511,Rendi Hidayat,Semarang,Regular,2023-06-18,customer511@email.com
CST0512,Maya Hidayat,Tangerang,New,2023-03-25,customer512@email.com
CST0513,Rendi Rahayu,Tangerang,VIP,2022-02-15,customer513@email.com
CST0514,Budi Permata,Surabaya,VIP,2022-04-22,customer514@email.com
CST0515,Fitri Saputra,Bandung,Regular,2023-07-20,customer515@email.com
CST0516,Rendi Saputra,Bandung,Wholesale,2023-04-19,customer516@email.com
CST0517,Fajar Nugroho,Medan,Regular,2022-07-10,customer517@email.com
CST0518,Fajar Santoso,Palembang,Regular,2023-04-06,customer518@email.com
CST0519,Rina Purnama,Bogor,New,2022-08-08,customer519@email.com
CST0520,Dimas Firmansyah,Medan,New,2023-08-15,customer520@email.com
CST0521,Lestari Pratama,Surabaya,VIP,2022-11-30,customer521@email.com
CST0522,Hendra Rahayu,Medan,VIP,2023-05-17,customer522@email.com
CST0523,Rendi Wulandari,Depok,Wholesale,2023-02-06,customer523@email.com
CST0524,Dewi Kusuma,Bogor,VIP,2023-04-14,customer524@email.com
CST0525,Nurul Permata,Bogor,VIP,2022-03-28,customer525@email.com
CST0526,Rendi Rahayu,Bandung,Regular,2022-11-09,customer526@email.com
CST0527,Nurul Kusuma,Surabaya,Regular,2023-06-08,customer527@email.com
CST0528,Rina Wulandari,Palembang,Regular,2023-08-12,customer528@email.com
CST0529,Rina Pratama,Palembang,Wholesale,2023-07-05,customer529@email.com
CST0530,Lestari Pratama,Bandung,Wholesale,2022-10-23,customer530@email.com
CST0531,Nurul Kusuma,Bandung,Wholesale,2022-02-24,customer531@email.com
CST0532,Budi Hidayat,Makassar,Regular,2022-07-19,customer532@email.com
CST0533,Lestari Saputra,Palembang,Wholesale,2023-02-23,customer533@email.com
CST0534,Rina Anggraini,Tangerang,Wholesale,2023-05-16,customer534@email.com
CST0535,Ahmad Wulandari,Bandung,New,2022-08-14,customer535@email.com
CST0536,Siti Wijaya,Semarang,Regular,2023-07-05,customer536@email.com
CST0537,Nurul Firmansyah,Semarang,Wholesale,2023-08-03,customer537@email.com
CST0538,Lestari Saputra,Tangerang,New,2023-08-10,customer538@email.com
CST0539,Dimas Firmansyah,Surabaya,VIP,2023-07-10,customer539@email.com
CST0540,Hendra Saputra,Jakarta,Regular,2023-03-12,customer540@email.com
CST0541,Fitri Wijaya,Surabaya,New,2023-04-06,customer541@email.com
CST0542,Maya Permata,Semarang,New,2023-03-26,customer542@email.com
CST0543,Fitri Sari,Surabaya,VIP,2023-03-15,customer543@email.com
CST0544,Indah Pratama,Bandung,Regular,2022-07-31,customer544@email.com
CST0545,Bagus Kusuma,Jakarta,VIP,2023-07-06,customer545@email.com
CST0546,Rendi Anggraini,Bandung,VIP,2022-10-24,customer546@email.com
CST0547,Dimas Permata,Bogor,New,2022-05-19,customer547@email.com
CST0548,Siti Wijaya,Palembang,Regular,2022-05-16,customer548@email.com
CST0549,Rizky Anggraini,Medan,VIP,2022-09-11,customer549@email.com
CST0550,Wati Pratama,Palembang,VIP,2023-03-01,customer550@email.com
CST0551,Hendra Rahayu,Palembang,New,2023-02-17,customer551@email.com
CST0552,Dimas Anggraini,Depok,VIP,2023-04-11,customer552@email.com
CST0553,Rendi Wulandari,Tangerang,New,2022-04-06,customer553@email.com
CST0554,Maya Permata,Tangerang,New,2023-07-02,customer554@email.com
CST0555,Andi Purnama,Palembang,Regular,2023-05-22,customer555@email.com
CST0556,Rendi Permata,Semarang,VIP,2022-12-12,customer556@email.com
CST0557,Bagus Pratama,Depok,Wholesale,2022-12-18,customer557@email.com
CST0558,Siti Rahayu,Jakarta,Wholesale,2022-01-17,customer558@email.com
CST0559,Nurul Hidayat,Surabaya,Wholesale,2022-01-01,customer559@email.com
CST0560,Andi Anggraini,Palembang,Regular,2022-11-06,customer560@email.com
CST0561,Dimas Rahayu,Bandung,VIP,2022-09-14,customer561@email.com
CST0562,Maya Nugroho,Surabaya,Regular,2022-02-23,customer562@email.com
CST0563,Ayu Anggraini,Palembang,Regular,2023-03-16,customer563@email.com
CST0564,Dewi Santoso,Surabaya,Regular,2023-05-04,customer564@email.com
CST0565,Rizky Wulandari,Surabaya,Regular,2023-06-16,customer565@email.com
CST0566,Budi Santoso,Tangerang,VIP,2022-05-04,customer566@email.com
CST0567,Rizky Hidayat,Palembang,New,2022-08-23,customer567@email.com
CST0568,Ahmad Anggraini,Palembang,New,2022-04-16,customer568@email.com
CST0569,Maya Hakim,Makassar,VIP,2022-05-21,customer569@email.com
CST0570,Rizky Nugroho,Palembang,Regular,2022-03-12,customer570@email.com
CST0571,Bagus Santoso,Depok,Regular,2023-03-27,customer571@email.com
CST0572,Andi Nugroho,Makassar,Regular,2023-02-26,customer572@email.com
CST0573,Hendra Permata,Bogor,Regular,2022-03-30,customer573@email.com
CST0574,Rizky Firmansyah,Surabaya,New,2023-01-29,customer574@email.com
CST0575,Rina Kusuma,Makassar,Regular,2022-09-11,customer575@email.com
CST0576,Ahmad Sari,Semarang,VIP,2022-01-28,customer576@email.com
CST0577,Andi Saputra,Semarang,Regular,2023-02-06,customer577@email.com
CST0578,Siti Firmansyah,Semarang,Regular,2023-05-22,customer578@email.com
CST0579,Dewi Sari,Palembang,Wholesale,2022-03-14,customer579@email.com
CST0580,Budi Kusuma,Depok,VIP,2022-05-16,customer580@email.com
CST0581,Bagus Purnama,Palembang,VIP,2023-07-14,customer581@email.com
CST0582,Wati Firmansyah,Bandung,New,2022-01-18,customer582@email.com
CST0583,Ahmad Santoso,Bogor,VIP,2022-08-09,customer583@email.com
CST0584,Siti Firmansyah,Jakarta,Wholesale,2023-06-03,customer584@email.com
CST0585,Joko Firmansyah,Semarang,Wholesale,2023-03-10,customer585@email.com
CST0586,Ahmad Nugroho,Palembang,Regular,2022-10-12,customer586@email.com
CST0587,Ayu Rahayu,Surabaya,Regular,2022-06-09,customer587@email.com
CST0588,Rendi Purnama,Depok,New,2022-11-14,customer588@email.com
CST0589,Fitri Santoso,Palembang,Regular,2022-03-30,customer589@email.com
CST0590,Dewi Hidayat,Palembang,New,2022-11-13,customer590@email.com
CST0591,Dewi Santoso,Bandung,Regular,2022-01-12,customer591@email.com
CST0592,Wati Kusuma,Bandung,VIP,2022-06-20,customer592@email.com
CST0593,Rizky Anggraini,Makassar,VIP,2022-05-01,customer593@email.com
CST0594,Rendi Firmansyah,Jakarta,Wholesale,2022-10-06,customer594@email.com
CST0595,Ahmad Wijaya,Depok,New,2023-05-24,customer595@email.com
CST0596,Joko Kusuma,Tangerang,New,2023-05-27,customer596@email.com
CST0597,Nurul Kusuma,Bogor,Regular,2022-09-19,customer597@email.com
CST0598,Bagus Nugroho,Surabaya,New,2022-08-22,customer598@email.com
CST0599,Budi Santoso,Depok,New,2022-09-08,customer599@email.com
CST0600,Wati Kusuma,Jakarta,Wholesale,2022-06-03,customer600@email.com
CST0601,Siti Saputra,Bandung,Wholesale,2022-08-18,customer601@email.com
CST0602,Fitri Purnama,Makassar,VIP,2022-10-05,customer602@email.com
CST0603,Bagus Kusuma,Surabaya,New,2023-05-30,customer603@email.com
CST0604,Nurul Sari,Jakarta,New,2023-02-15,customer604@email.com
CST0605,Hendra Permata,Surabaya,VIP,2022-11-15,customer605@email.com
CST0606,Ahmad Saputra,Makassar,Wholesale,2022-01-09,customer606@email.com
CST0607,Andi Wijaya,Makassar,VIP,2022-09-06,customer607@email.com
CST0608,Maya Wulandari,Tangerang,Wholesale,2022-07-20,customer608@email.com
CST0609,Fitri Pratama,Depok,New,2023-02-24,customer609@email.com
CST0610,Fitri Saputra,Jakarta,VIP,2022-01-10,customer610@email.com
CST0611,Budi Firmansyah,Makassar,Wholesale,2022-11-11,customer611@email.com
CST0612,Andi Saputra,Surabaya,Regular,2023-03-06,customer612@email.com
CST0613,Siti Pratama,Tangerang,VIP,2022-04-06,customer613@email.com
CST0614,Fitri Hakim,Jakarta,Wholesale,2023-01-17,customer614@email.com
CST0615,Ahmad Wulandari,Tangerang,New,2023-06-02,customer615@email.com
CST0616,Fajar Rahayu,Bandung,New,2023-03-22,customer616@email.com
CST0617,Fitri Wijaya,Bandung,VIP,2022-11-19,customer617@email.com
CST0618,Rendi Kusuma,Palembang,Wholesale,2022-10-06,customer618@email.com
CST0619,Ahmad Sari,Medan,Regular,2023-08-22,customer619@email.com
CST0620,Rizky Rahayu,Surabaya,Regular,2023-04-06,customer620@email.com
CST0621,Rendi Purnama,Tangerang,New,2023-07-03,customer621@email.com
CST0622,Andi Hidayat,Makassar,VIP,2023-04-20,customer622@email.com
CST0623,Dewi Rahayu,Semarang,Regular,2022-11-08,customer623@email.com
CST0624,Siti Sari,Bogor,VIP,2022-06-01,customer624@email.com
CST0625,Fitri Kusuma,Surabaya,Wholesale,2023-06-10,customer625@email.com
CST0626,Ayu Wijaya,Jakarta,Regular,2022-02-01,customer626@email.com
CST0627,Hendra Saputra,Palembang,Regular,2022-04-07,customer627@email.com
CST0628,Dewi Firmansyah,Tangerang,Regular,2022-05-05,customer628@email.com
CST0629,Siti Permata,Jakarta,Regular,2022-05-14,customer629@email.com
CST0630,Fajar Kusuma,Medan,New,2023-08-20,customer630@email.com
CST0631,Dimas Hakim,Bogor,New,2022-01-23,customer631@email.com
CST0632,Andi Hakim,Surabaya,Wholesale,2022-05-12,customer632@email.com
CST0633,Rendi Rahayu,Surabaya,New,2023-04-18,customer633@email.com
CST0634,Nurul Hakim,Jakarta,Wholesale,2023-02-09,customer634@email.com
CST0635,Budi Purnama,Tangerang,Wholesale,2022-06-26,customer635@email.com
CST0636,Andi Hakim,Makassar,Regular,2022-10-09,customer636@email.com
CST0637,Hendra Hakim,Semarang,Regular,2022-02-05,customer637@email.com
CST0638,Indah Wulandari,Bogor,Regular,2022-10-30,customer638@email.com
CST0639,Rina Hakim,Tangerang,Wholesale,2022-03-04,customer639@email.com
CST0640,Dimas Purnama,Surabaya,Regular,2023-03-06,customer640@email.com
CST0641,Joko Sari,Medan,New,2023-01-27,customer641@email.com
CST0642,Wati Saputra,Makassar,Wholesale,2022-12-19,customer642@email.com
CST0643,Joko Kusuma,Bogor,Wholesale,2022-10-04,customer643@email.com
CST0644,Budi Kusuma,Bandung,Regular,2022-01-31,customer644@email.com
CST0645,Siti Firmansyah,Semarang,Wholesale,2023-06-27,customer645@email.com
CST0646,Bagus Sari,Makassar,Regular,2022-04-13,customer646@email.com
CST0647,Fitri Wijaya,Medan,New,2022-08-13,customer647@email.com
CST0648,Fajar Kusuma,Bogor,Regular,2022-06-30,customer648@email.com
CST0649,Bagus Kusuma,Medan,VIP,2022-01-29,customer649@email.com
CST0650,Bagus Wulandari,Makassar,Regular,2023-07-31,customer650@email.com
CST0651,Wati Saputra,Medan,VIP,2022-06-29,customer651@email.com
CST0652,Siti Rahayu,Tangerang,New,2022-08-27,customer652@email.com
CST0653,Fitri Santoso,Bogor,Wholesale,2022-01-01,customer653@email.com
CST0654,Indah Sari,Makassar,Regular,2022-12-15,customer654@email.com
CST0655,Rendi Santoso,Bandung,New,2022-06-01,customer655@email.com
CST0656,Rizky Firmansyah,Bogor,New,2023-06-23,customer656@email.com
CST0657,Ahmad Kusuma,Makassar,Wholesale,2023-08-24,customer657@email.com
CST0658,Rendi Wijaya,Surabaya,VIP,2022-05-20,customer658@email.com
CST0659,Rina Firmansyah,Bandung,Wholesale,2022-11-21,customer659@email.com
CST0660,Lestari Anggraini,Bandung,VIP,2022-08-17,customer660@email.com
CST0661,Nurul Purnama,Bogor,VIP,2022-10-29,customer661@email.com
CST0662,Nurul Anggraini,Bandung,New,2023-08-10,customer662@email.com
CST0663,Bagus Santoso,Palembang,Regular,2022-11-22,customer663@email.com
CST0664,Fitri Nugroho,Bogor,New,2023-05-24,customer664@email.com
CST0665,Rendi Anggraini,Bandung,New,2022-09-01,customer665@email.com
CST0666,Rendi Pratama,Makassar,New,2022-12-10,customer666@email.com
CST0667,Budi Wijaya,Tangerang,Regular,2022-09-13,customer667@email.com
CST0668,Maya Wijaya,Surabaya,New,2022-01-02,customer668@email.com
CST0669,Fajar Hidayat,Jakarta,Wholesale,2022-06-20,customer669@email.com
CST0670,Wati Hakim,Palembang,Wholesale,2022-12-26,customer670@email.com
CST0671,Fajar Rahayu,Depok,Wholesale,2023-08-15,customer671@email.com
CST0672,Nurul Hidayat,Medan,New,2022-02-04,customer672@email.com
CST0673,Budi Kusuma,Semarang,VIP,2022-04-18,customer673@email.com
CST0674,Rendi Pratama,Surabaya,Wholesale,2022-06-14,customer674@email.com
CST0675,Lestari Hakim,Surabaya,New,2022-12-13,customer675@email.com
CST0676,Indah Hakim,Bogor,Wholesale,2022-02-01,customer676@email.com
CST0677,Nurul Wulandari,Palembang,Wholesale,2022-06-10,customer677@email.com
CST0678,Dewi Kusuma,Jakarta,Regular,2022-07-14,customer678@email.com
CST0679,Lestari Anggraini,Palembang,VIP,2022-10-16,customer679@email.com
CST0680,Fitri Rahayu,Semarang,New,2023-02-07,customer680@email.com
CST0681,Lestari Permata,Bogor,Wholesale,2022-06-07,customer681@email.com
CST0682,Maya Santoso,Jakarta,Wholesale,2022-03-31,customer682@email.com
CST0683,Indah Hidayat,Semarang,Regular,2022-04-10,customer683@email.com
CST0684,Andi Pratama,Jakarta,VIP,2022-03-25,customer684@email.com
CST0685,Dewi Wijaya,Tangerang,Wholesale,2023-04-28,customer685@email.com
CST0686,Dimas Rahayu,Tangerang,Wholesale,2022-07-09,customer686@email.com
CST0687,Fajar Kusuma,Makassar,Regular,2023-04-02,customer687@email.com
CST0688,Dimas Hidayat,Jakarta,Wholesale,2022-09-27,customer688@email.com
CST0689,Dimas Wulandari,Medan,New,2022-06-04,customer689@email.com
CST0690,Ahmad Nugroho,Surabaya,VIP,2023-07-09,customer690@email.com
CST0691,Bagus Sari,Palembang,New,2023-02-01,customer691@email.com
CST0692,Rina Saputra,Depok,Wholesale,2023-08-10,customer692@email.com
CST0693,Wati Wijaya,Medan,New,2023-02-09,customer693@email.com
CST0694,Joko Wulandari,Jakarta,Regular,2022-05-04,customer694@email.com
CST0695,Nurul Pratama,Tangerang,Regular,2022-07-17,customer695@email.com
CST0696,Siti Purnama,Bandung,New,2023-03-22,customer696@email.com
CST0697,Rizky Permata,Medan,VIP,2022-11-24,customer697@email.com
CST0698,Ahmad Purnama,Surabaya,Wholesale,2023-07-20,customer698@email.com
CST0699,Dimas Saputra,Makassar,Wholesale,2022-01-13,customer699@email.com
CST0700,Bagus Saputra,Bogor,Wholesale,2022-04-26,customer700@email.com
CST0701,Rizky Pratama,Palembang,New,2022-04-19,customer701@email.com
CST0702,Dewi Firmansyah,Bogor,VIP,2023-07-03,customer702@email.com
CST0703,Rina Wijaya,Makassar,Wholesale,2023-05-13,customer703@email.com
CST0704,Indah Hidayat,Bogor,New,2022-06-26,customer704@email.com
CST0705,Fajar Pratama,Semarang,Wholesale,2022-02-09,customer705@email.com
CST0706,Rendi Anggraini,Palembang,Regular,2022-02-20,customer706@email.com
CST0707,Dimas Hakim,Tangerang,VIP,2022-01-21,customer707@email.com
CST0708,Ayu Wijaya,Makassar,VIP,2023-05-19,customer708@email.com
CST0709,Fitri Pratama,Surabaya,VIP,2023-03-30,customer709@email.com
CST0710,Dimas Anggraini,Makassar,Wholesale,2022-04-02,customer710@email.com
CST0711,Hendra Sari,Medan,Wholesale,2023-05-12,customer711@email.com
CST0712,Maya Permata,Depok,New,2023-06-12,customer712@email.com
CST0713,Ahmad Wijaya,Bandung,Wholesale,2022-05-19,customer713@email.com
CST0714,Bagus Santoso,Depok,Regular,2022-07-17,customer714@email.com
CST0715,Siti Sari,Medan,New,2023-04-13,customer715@email.com
CST0716,Maya Anggraini,Jakarta,Regular,2022-10-08,customer716@email.com
CST0717,Hendra Saputra,Makassar,Wholesale,2022-05-07,customer717@email.com
CST0718,Fitri Kusuma,Jakarta,Wholesale,2023-04-02,customer718@email.com
CST0719,Wati Wulandari,Bandung,VIP,2022-12-19,customer719@email.com
CST0720,Dimas Anggraini,Bandung,New,2022-10-19,customer720@email.com
CST0721,Fajar Santoso,Jakarta,Regular,2023-08-09,customer721@email.com
CST0722,Fitri Nugroho,Medan,Regular,2022-07-31,customer722@email.com
CST0723,Rina Saputra,Semarang,New,2022-01-10,customer723@email.com
CST0724,Rizky Nugroho,Tangerang,Regular,2022-01-09,customer724@email.com
CST0725,Dimas Wulandari,Medan,VIP,2022-10-09,customer725@email.com
CST0726,Fajar Permata,Palembang,VIP,2023-04-16,customer726@email.com
CST0727,Andi Hidayat,Semarang,VIP,2023-06-18,customer727@email.com
CST0728,Fajar Wulandari,Bogor,New,2022-01-08,customer728@email.com
CST0729,Maya Saputra,Depok,VIP,2022-11-02,customer729@email.com
CST0730,Wati Rahayu,Surabaya,VIP,2022-10-11,customer730@email.com
CST0731,Dimas Wijaya,Makassar,VIP,2022-07-12,customer731@email.com
CST0732,Joko Firmansyah,Bandung,Regular,2022-02-28,customer732@email.com
CST0733,Fajar Nugroho,Bogor,VIP,2022-05-24,customer733@email.com
CST0734,Wati Wijaya,Jakarta,VIP,2023-03-05,customer734@email.com
CST0735,Fajar Anggraini,Palembang,New,2023-08-21,customer735@email.com
CST0736,Andi Kusuma,Bogor,Regular,2023-07-02,customer736@email.com
CST0737,Maya Saputra,Tangerang,VIP,2022-06-24,customer737@email.com
CST0738,Nurul Wijaya,Depok,New,2023-04-28,customer738@email.com
CST0739,Dimas Anggraini,Bandung,Regular,2022-12-10,customer739@email.com
CST0740,Fitri Kusuma,Surabaya,Regular,2022-11-11,customer740@email.com
CST0741,Rendi Kusuma,Palembang,VIP,2023-08-23,customer741@email.com
CST0742,Hendra Permata,Semarang,New,2023-04-27,customer742@email.com
CST0743,Bagus Wulandari,Jakarta,New,2023-04-29,customer743@email.com
CST0744,Joko Rahayu,Medan,Wholesale,2023-06-27,customer744@email.com
CST0745,Rina Santoso,Semarang,Regular,2022-05-21,customer745@email.com
CST0746,Rendi Purnama,Medan,Wholesale,2022-05-27,customer746@email.com
CST0747,Nurul Firmansyah,Makassar,New,2023-05-15,customer747@email.com
CST0748,Nurul Kusuma,Makassar,New,2022-01-05,customer748@email.com
CST0749,Dimas Sari,Tangerang,Regular,2023-08-14,customer749@email.com
CST0750,Wati Firmansyah,Bandung,New,2022-05-13,customer750@email.com
CST0751,Rina Nugroho,Bogor,Wholesale,2023-02-18,customer751@email.com
CST0752,Wati Purnama,Palembang,New,2022-02-08,customer752@email.com
CST0753,Andi Anggraini,Depok,VIP,2022-01-15,customer753@email.com
CST0754,Joko Sari,Makassar,New,2022-01-05,customer754@email.com
CST0755,Fitri Anggraini,Medan,VIP,2022-11-16,customer755@email.com
CST0756,Dewi Purnama,Bandung,VIP,2022-06-21,customer756@email.com
CST0757,Siti Wijaya,Surabaya,VIP,2023-04-12,customer757@email.com
CST0758,Indah Saputra,Depok,VIP,2023-03-21,customer758@email.com
CST0759,Rendi Hakim,Bandung,Wholesale,2023-01-03,customer759@email.com
CST0760,Nurul Hakim,Medan,Wholesale,2022-01-20,customer760@email.com
CST0761,Fitri Anggraini,Medan,Regular,2022-08-05,customer761@email.com
CST0762,Bagus Saputra,Jakarta,Regular,2022-05-07,customer762@email.com
CST0763,Siti Purnama,Makassar,VIP,2023-07-02,customer763@email.com
CST0764,Siti Wulandari,Bogor,New,2022-04-21,customer764@email.com
CST0765,Siti Anggraini,Jakarta,New,2023-03-03,customer765@email.com
CST0766,Fajar Rahayu,Tangerang,VIP,2023-05-01,customer766@email.com
CST0767,Andi Anggraini,Bandung,New,2022-11-05,customer767@email.com
CST0768,Dewi Nugroho,Palembang,VIP,2022-05-21,customer768@email.com
CST0769,Dewi Saputra,Palembang,New,2022-10-17,customer769@email.com
CST0770,Dewi Hidayat,Surabaya,Regular,2022-07-24,customer770@email.com
CST0771,Joko Sari,Semarang,VIP,2023-02-24,customer771@email.com
CST0772,Nurul Santoso,Semarang,Wholesale,2022-08-01,customer772@email.com
CST0773,Rendi Sari,Tangerang,New,2022-01-14,customer773@email.com
CST0774,Dewi Permata,Surabaya,Wholesale,2022-06-02,customer774@email.com
CST0775,Joko Rahayu,Surabaya,New,2022-09-20,customer775@email.com
CST0776,Hendra Wijaya,Medan,VIP,2023-04-21,customer776@email.com
CST0777,Dewi Permata,Jakarta,Regular,2022-02-10,customer777@email.com
CST0778,Maya Firmansyah,Semarang,VIP,2023-03-13,customer778@email.com
CST0779,Dewi Permata,Surabaya,New,2022-01-10,customer779@email.com
CST0780,Nurul Kusuma,Bandung,VIP,2023-03-25,customer780@email.com
CST0781,Dimas Hakim,Bogor,New,2023-01-17,customer781@email.com
CST0782,Nurul Rahayu,Makassar,Wholesale,2023-02-14,customer782@email.com
CST0783,Dimas Permata,Tangerang,Wholesale,2023-05-05,customer783@email.com
CST0784,Nurul Rahayu,Palembang,Regular,2022-03-02,customer784@email.com
CST0785,Dewi Purnama,Bandung,Wholesale,2023-08-06,customer785@email.com
CST0786,Nurul Wulandari,Tangerang,Wholesale,2023-01-03,customer786@email.com
CST0787,Budi Permata,Bogor,Regular,2023-05-10,customer787@email.com
CST0788,Dewi Hakim,Tangerang,Wholesale,2023-03-28,customer788@email.com
CST0789,Ahmad Wijaya,Jakarta,VIP,2022-01-13,customer789@email.com
CST0790,Bagus Anggraini,Depok,Regular,2022-12-13,customer790@email.com
CST0791,Joko Anggraini,Depok,New,2023-03-20,customer791@email.com
CST0792,Wati Kusuma,Medan,Wholesale,2022-06-02,customer792@email.com
CST0793,Indah Santoso,Depok,New,2022-06-10,customer793@email.com
CST0794,Wati Permata,Depok,Wholesale,2022-06-19,customer794@email.com
CST0795,Wati Kusuma,Surabaya,Regular,2022-12-05,customer795@email.com
CST0796,Siti Saputra,Semarang,Regular,2023-07-18,customer796@email.com
CST0797,Fajar Permata,Palembang,Regular,2022-03-22,customer797@email.com
CST0798,Hendra Firmansyah,Tangerang,Wholesale,2022-04-01,customer798@email.com
CST0799,Hendra Kusuma,Tangerang,New,2023-05-25,customer799@email.com
CST0800,Dewi Purnama,Jakarta,Wholesale,2022-02-06,customer800@email.com
CST0801,Lestari Santoso,Depok,New,2022-11-08,customer801@email.com
CST0802,Lestari Sari,Depok,Wholesale,2022-12-16,customer802@email.com
CST0803,Siti Permata,Makassar,Regular,2023-04-11,customer803@email.com
CST0804,Lestari Firmansyah,Makassar,Wholesale,2023-01-08,customer804@email.com
CST0805,Dewi Rahayu,Tangerang,Regular,2022-01-03,customer805@email.com
CST0806,Maya Permata,Makassar,VIP,2023-07-15,customer806@email.com
CST0807,Maya Anggraini,Depok,New,2022-02-16,customer807@email.com
CST0808,Wati Pratama,Bandung,Wholesale,2022-04-20,customer808@email.com
CST0809,Indah Sari,Semarang,Regular,2022-05-04,customer809@email.com
CST0810,Andi Hidayat,Palembang,Regular,2022-12-13,customer810@email.com
CST0811,Rina Santoso,Surabaya,New,2023-04-07,customer811@email.com
CST0812,Bagus Saputra,Tangerang,Regular,2023-05-26,customer812@email.com
CST0813,Joko Anggraini,Jakarta,New,2023-07-21,customer813@email.com
CST0814,Bagus Hidayat,Palembang,Regular,2023-08-16,customer814@email.com
CST0815,Rizky Rahayu,Bandung,Wholesale,2022-11-26,customer815@email.com
CST0816,Fajar Purnama,Depok,Regular,2022-10-08,customer816@email.com
CST0817,Rendi Wijaya,Palembang,Wholesale,2022-05-17,customer817@email.com
CST0818,Rina Wulandari,Bandung,VIP,2023-07-15,customer818@email.com
CST0819,Lestari Nugroho,Makassar,Regular,2022-07-25,customer819@email.com
CST0820,Indah Anggraini,Medan,VIP,2022-12-20,customer820@email.com
CST0821,Nurul Saputra,Bandung,VIP,2022-04-29,customer821@email.com
CST0822,Lestari Hidayat,Makassar,Wholesale,2023-07-01,customer822@email.com
CST0823,Rina Firmansyah,Semarang,New,2023-06-20,customer823@email.com
CST0824,Budi Purnama,Surabaya,Regular,2022-02-24,customer824@email.com
CST0825,Andi Wijaya,Jakarta,Regular,2022-10-21,customer825@email.com
CST0826,Rizky Permata,Semarang,New,2022-10-30,customer826@email.com
CST0827,Lestari Santoso,Medan,VIP,2023-04-09,customer827@email.com
CST0828,Indah Permata,Surabaya,Regular,2023-07-29,customer828@email.com
CST0829,Fitri Saputra,Palembang,VIP,2022-02-18,customer829@email.com
CST0830,Fajar Purnama,Palembang,VIP,2023-07-20,customer830@email.com
CST0831,Budi Anggraini,Jakarta,VIP,2022-07-27,customer831@email.com
CST0832,Hendra Permata,Bogor,Regular,2023-01-12,customer832@email.com
CST0833,Lestari Anggraini,Bogor,Regular,2022-07-18,customer833@email.com
CST0834,Hendra Pratama,Semarang,New,2022-07-11,customer834@email.com
CST0835,Joko Rahayu,Bandung,Wholesale,2022-02-11,customer835@email.com
CST0836,Dimas Saputra,Palembang,VIP,2022-05-14,customer836@email.com
CST0837,Bagus Permata,Bandung,VIP,2022-01-06,customer837@email.com
CST0838,Hendra Anggraini,Makassar,Regular,2022-02-10,customer838@email.com
CST0839,Rendi Wulandari,Bandung,New,2022-11-05,customer839@email.com
CST0840,Bagus Saputra,Tangerang,VIP,2022-03-16,customer840@email.com
CST0841,Joko Sari,Makassar,Regular,2023-06-18,customer841@email.com
CST0842,Joko Pratama,Surabaya,Wholesale,2023-07-11,customer842@email.com
CST0843,Fajar Rahayu,Depok,VIP,2022-08-15,customer843@email.com
CST0844,Rendi Kusuma,Medan,VIP,2022-10-28,customer844@email.com
CST0845,Indah Saputra,Medan,Wholesale,2023-07-29,customer845@email.com
CST0846,Dewi Nugroho,Jakarta,VIP,2023-04-02,customer846@email.com
CST0847,Indah Hakim,Medan,Regular,2022-02-10,customer847@email.com
CST0848,Fajar Hakim,Makassar,New,2023-01-31,customer848@email.com
CST0849,Lestari Anggraini,Semarang,VIP,2022-01-26,customer849@email.com
CST0850,Maya Saputra,Depok,Wholesale,2023-05-14,customer850@email.com
CST0851,Ayu Hakim,Jakarta,Regular,2022-11-25,customer851@email.com
CST0852,Ahmad Rahayu,Depok,Regular,2023-07-05,customer852@email.com
CST0853,Budi Nugroho,Depok,New,2022-08-04,customer853@email.com
CST0854,Rina Permata,Medan,New,2022-07-30,customer854@email.com
CST0855,Rina Nugroho,Depok,New,2022-06-07,customer855@email.com
CST0856,Hendra Anggraini,Jakarta,VIP,2022-02-08,customer856@email.com
CST0857,Ahmad Santoso,Surabaya,Regular,2022-09-15,customer857@email.com
CST0858,Ahmad Wulandari,Depok,Regular,2022-09-22,customer858@email.com
CST0859,Fajar Hidayat,Palembang,Wholesale,2023-03-20,customer859@email.com
CST0860,Budi Purnama,Makassar,New,2023-07-02,customer860@email.com
CST0861,Indah Rahayu,Jakarta,New,2022-03-16,customer861@email.com
CST0862,Joko Rahayu,Makassar,VIP,2022-11-05,customer862@email.com
CST0863,Ahmad Wijaya,Bogor,Wholesale,2023-01-26,customer863@email.com
CST0864,Budi Hidayat,Palembang,Regular,2023-07-01,customer864@email.com
CST0865,Rizky Anggraini,Medan,Wholesale,2023-07-13,customer865@email.com
CST0866,Rizky Wijaya,Semarang,VIP,2022-01-12,customer866@email.com
CST0867,Lestari Pratama,Depok,New,2022-02-12,customer867@email.com
CST0868,Bagus Wulandari,Jakarta,Wholesale,2023-07-05,customer868@email.com
CST0869,Ahmad Wijaya,Depok,Regular,2022-12-19,customer869@email.com
CST0870,Rina Hakim,Medan,Regular,2022-06-14,customer870@email.com
CST0871,Fitri Wulandari,Bandung,VIP,2022-07-18,customer871@email.com
CST0872,Nurul Nugroho,Surabaya,New,2023-07-17,customer872@email.com
CST0873,Lestari Rahayu,Tangerang,VIP,2022-03-10,customer873@email.com
CST0874,Dewi Sari,Semarang,Wholesale,2022-12-05,customer874@email.com
CST0875,Rizky Nugroho,Makassar,Regular,2022-04-13,customer875@email.com
CST0876,Indah Rahayu,Semarang,Regular,2022-11-22,customer876@email.com
CST0877,Hendra Kusuma,Tangerang,VIP,2023-08-22,customer877@email.com
CST0878,Bagus Wulandari,Bandung,VIP,2022-11-20,customer878@email.com
CST0879,Nurul Santoso,Palembang,VIP,2022-09-10,customer879@email.com
CST0880,Rina Wijaya,Medan,VIP,2022-05-18,customer880@email.com
CST0881,Wati Hidayat,Makassar,Wholesale,2023-01-03,customer881@email.com
CST0882,Wati Saputra,Semarang,New,2022-06-29,customer882@email.com
CST0883,Ahmad Permata,Bogor,VIP,2022-05-24,customer883@email.com
CST0884,Andi Wijaya,Depok,New,2022-03-19,customer884@email.com
CST0885,Joko Nugroho,Jakarta,New,2023-08-19,customer885@email.com
CST0886,Fajar Firmansyah,Bogor,Regular,2022-02-07,customer886@email.com
CST0887,Dimas Saputra,Depok,Wholesale,2022-06-02,customer887@email.com
CST0888,Fajar Sari,Makassar,VIP,2022-05-18,customer888@email.com
CST0889,Joko Saputra,Tangerang,New,2023-02-11,customer889@email.com
CST0890,Joko Santoso,Makassar,Regular,2022-06-19,customer890@email.com
CST0891,Rizky Hidayat,Depok,Regular,2022-07-03,customer891@email.com
CST0892,Bagus Nugroho,Bogor,Regular,2023-05-11,customer892@email.com
CST0893,Siti Sari,Makassar,Wholesale,2022-08-26,customer893@email.com
CST0894,Dimas Kusuma,Surabaya,Regular,2022-02-13,customer894@email.com
CST0895,Joko Hakim,Medan,VIP,2023-02-02,customer895@email.com
CST0896,Hendra Hakim,Tangerang,New,2022-02-10,customer896@email.com
CST0897,Dewi Anggraini,Makassar,VIP,2022-09-27,customer897@email.com
CST0898,Lestari Wulandari,Bogor,Regular,2023-01-21,customer898@email.com
CST0899,Maya Wulandari,Palembang,New,2023-06-14,customer899@email.com
CST0900,Fajar Hakim,Semarang,Regular,2023-06-13,customer900@email.com
CST0901,Maya Permata,Palembang,VIP,2023-05-14,customer901@email.com
CST0902,Indah Santoso,Tangerang,Regular,2023-03-27,customer902@email.com
CST0903,Fitri Rahayu,Bandung,VIP,2022-08-05,customer903@email.com
CST0904,Nurul Pratama,Bandung,VIP,2022-05-02,customer904@email.com
CST0905,Rina Firmansyah,Medan,VIP,2022-04-27,customer905@email.com
CST0906,Wati Hidayat,Tangerang,Regular,2022-06-15,customer906@email.com
CST0907,Budi Sari,Palembang,New,2022-05-11,customer907@email.com
CST0908,Bagus Pratama,Bogor,Regular,2023-06-09,customer908@email.com
CST0909,Bagus Pratama,Jakarta,New,2022-06-20,customer909@email.com
CST0910,Nurul Saputra,Semarang,Wholesale,2023-08-01,customer910@email.com
CST0911,Ayu Rahayu,Jakarta,Regular,2023-04-05,customer911@email.com
CST0912,Wati Permata,Bogor,Wholesale,2022-06-24,customer912@email.com
CST0913,Rina Wulandari,Medan,Regular,2023-08-20,customer913@email.com
CST0914,Indah Nugroho,Bandung,VIP,2022-06-21,customer914@email.com
CST0915,Hendra Wulandari,Makassar,New,2022-08-24,customer915@email.com
CST0916,Fajar Pratama,Palembang,New,2022-01-17,customer916@email.com
CST0917,Joko Permata,Medan,Wholesale,2022-06-03,customer917@email.com
CST0918,Dewi Pratama,Bogor,Wholesale,2022-02-09,customer918@email.com
CST0919,Joko Firmansyah,Depok,New,2022-04-06,customer919@email.com
CST0920,Rizky Hakim,Tangerang,New,2023-03-18,customer920@email.com
CST0921,Rina Kusuma,Depok,New,2023-06-27,customer921@email.com
CST0922,Fitri Firmansyah,Palembang,Wholesale,2023-01-26,customer922@email.com
CST0923,Bagus Firmansyah,Makassar,New,2023-03-12,customer923@email.com
CST0924,Dimas Hidayat,Bandung,Regular,2022-03-27,customer924@email.com
CST0925,Indah Hakim,Semarang,Wholesale,2022-09-21,customer925@email.com
CST0926,Budi Anggraini,Medan,New,2023-08-15,customer926@email.com
CST0927,Dewi Saputra,Depok,New,2023-01-20,customer927@email.com
CST0928,Rendi Purnama,Medan,VIP,2022-04-20,customer928@email.com
CST0929,Rina Nugroho,Bandung,VIP,2022-09-25,customer929@email.com
CST0930,Rina Wulandari,Depok,VIP,2022-10-10,customer930@email.com
CST0931,Andi Purnama,Palembang,Wholesale,2022-07-03,customer931@email.com
CST0932,Lestari Saputra,Makassar,Wholesale,2022-09-17,customer932@email.com
CST0933,Bagus Kusuma,Semarang,Wholesale,2022-05-22,customer933@email.com
CST0934,Fitri Hidayat,Surabaya,Regular,2022-04-13,customer934@email.com
CST0935,Joko Purnama,Medan,VIP,2023-07-18,customer935@email.com
CST0936,Siti Pratama,Bogor,Wholesale,2022-01-06,customer936@email.com
CST0937,Rizky Hidayat,Surabaya,Wholesale,2022-04-01,customer937@email.com
CST0938,Dimas Sari,Surabaya,VIP,2022-03-23,customer938@email.com
CST0939,Siti Anggraini,Bogor,Wholesale,2023-02-15,customer939@email.com
CST0940,Joko Wijaya,Bogor,New,2022-06-29,customer940@email.com
CST0941,Hendra Santoso,Tangerang,Regular,2023-06-15,customer941@email.com
CST0942,Andi Santoso,Semarang,Regular,2022-06-23,customer942@email.com
CST0943,Maya Sari,Jakarta,New,2022-06-11,customer943@email.com
CST0944,Dimas Firmansyah,Surabaya,Wholesale,2022-12-28,customer944@email.com
CST0945,Fajar Wulandari,Palembang,Regular,2023-06-15,customer945@email.com
CST0946,Ahmad Hakim,Jakarta,New,2023-07-17,customer946@email.com
CST0947,Lestari Hakim,Semarang,VIP,2022-12-22,customer947@email.com
CST0948,Fitri Wulandari,Semarang,Regular,2023-04-11,customer948@email.com
CST0949,Bagus Santoso,Palembang,VIP,2022-06-29,customer949@email.com
CST0950,Joko Rahayu,Palembang,New,2023-05-31,customer950@email.com
CST0951,Rendi Rahayu,Semarang,VIP,2023-07-05,customer951@email.com
CST0952,Dimas Anggraini,Bogor,Wholesale,2023-01-22,customer952@email.com
CST0953,Wati Firmansyah,Bogor,Regular,2022-12-14,customer953@email.com
CST0954,Hendra Hakim,Tangerang,New,2023-05-09,customer954@email.com
CST0955,Dimas Rahayu,Surabaya,Wholesale,2022-08-14,customer955@email.com
CST0956,Rendi Purnama,Medan,VIP,2023-06-13,customer956@email.com
CST0957,Budi Anggraini,Depok,VIP,2022-09-12,customer957@email.com
CST0958,Ahmad Purnama,Semarang,VIP,2022-03-19,customer958@email.com
CST0959,Nurul Hidayat,Depok,VIP,2022-12-29,customer959@email.com
CST0960,Bagus Wijaya,Medan,Regular,2022-07-14,customer960@email.com
CST0961,Andi Sari,Tangerang,Regular,2022-09-29,customer961@email.com
CST0962,Fitri Sari,Medan,Regular,2022-12-31,customer962@email.com
CST0963,Dewi Rahayu,Bandung,New,2023-05-20,customer963@email.com
CST0964,Budi Firmansyah,Bogor,New,2023-05-09,customer964@email.com
CST0965,Indah Kusuma,Makassar,Wholesale,2023-08-12,customer965@email.com
CST0966,Wati Pratama,Semarang,VIP,2023-02-12,customer966@email.com
CST0967,Bagus Pratama,Medan,New,2023-06-23,customer967@email.com
CST0968,Wati Saputra,Palembang,New,2023-05-30,customer968@email.com
CST0969,Fajar Permata,Makassar,Regular,2023-04-14,customer969@email.com
CST0970,Joko Hidayat,Surabaya,VIP,2022-01-09,customer970@email.com
CST0971,Andi Purnama,Jakarta,New,2022-11-30,customer971@email.com
CST0972,Indah Permata,Makassar,VIP,2022-07-11,customer972@email.com
CST0973,Dimas Sari,Depok,VIP,2023-04-28,customer973@email.com
CST0974,Rendi Kusuma,Bogor,Regular,2023-05-26,customer974@email.com
CST0975,Andi Purnama,Palembang,VIP,2023-01-09,customer975@email.com
CST0976,Dimas Hidayat,Palembang,Regular,2023-08-09,customer976@email.com
CST0977,Bagus Nugroho,Bandung,Regular,2022-04-13,customer977@email.com
CST0978,Fitri Saputra,Semarang,Wholesale,2023-01-26,customer978@email.com
CST0979,Rizky Firmansyah,Medan,Regular,2023-04-30,customer979@email.com
CST0980,Nurul Purnama,Jakarta,Wholesale,2022-05-18,customer980@email.com
CST0981,Lestari Anggraini,Depok,VIP,2023-05-14,customer981@email.com
CST0982,Dimas Saputra,Semarang,New,2023-02-12,customer982@email.com
CST0983,Nurul Santoso,Surabaya,Regular,2022-09-18,customer983@email.com
CST0984,Dewi Hidayat,Tangerang,VIP,2022-09-24,customer984@email.com
CST0985,Maya Saputra,Makassar,VIP,2022-12-19,customer985@email.com
CST0986,Rina Rahayu,Jakarta,VIP,2022-07-23,customer986@email.com
CST0987,Bagus Nugroho,Bogor,Regular,2022-10-19,customer987@email.com
CST0988,Rendi Nugroho,Makassar,Wholesale,2023-04-03,customer988@email.com
CST0989,Fajar Wulandari,Surabaya,VIP,2023-04-20,customer989@email.com
CST0990,Nurul Nugroho,Bandung,VIP,2023-03-08,customer990@email.com
CST0991,Bagus Purnama,Bogor,New,2022-03-23,customer991@email.com
CST0992,Rendi Sari,Bandung,VIP,2022-11-21,customer992@email.com
CST0993,Dimas Wulandari,Semarang,Wholesale,2022-10-05,customer993@email.com
CST0994,Maya Anggraini,Tangerang,Wholesale,2023-02-28,customer994@email.com
CST0995,Nurul Permata,Bandung,New,2022-05-09,customer995@email.com
CST0996,Dimas Anggraini,Medan,New,2022-08-04,customer996@email.com
CST0997,Fajar Rahayu,Bandung,New,2022-03-07,customer997@email.com
CST0998,Lestari Santoso,Tangerang,New,2023-02-11,customer998@email.com
CST0999,Ahmad Rahayu,Depok,VIP,2022-06-09,customer999@email.com
CST1000,Fajar Wijaya,Surabaya,Regular,2022-09-11,customer1000@email.com
